query,route,retrieval_score,hallucination_score,trace,answer_preview
What does this biomedical abstract report about Life Stages?,web_fallback,0.2,0.92,retrieval -> retrieval_grader -> web_search -> graph_traversal -> context_expansion -> answer_generation -> hallucination_detection -> final_response,"The abstract discusses the ""life stages approach"" to address age-related inequalities in health and healthcare, particularly focusing on how societies should prepare for an increasing proportion of older individuals. It argues for three principles to distribute scarce resources between different age groups and emphasiz"
What does this biomedical abstract report about ingestion?,web_fallback,0.2,1.0,retrieval -> retrieval_grader -> web_search -> graph_traversal -> context_expansion -> answer_generation -> hallucination_detection -> final_response,"The abstract reports findings from a retrospective analysis of foreign-body (FB) ingestion among Egyptian children aged ≤13 years who required endoscopic removal of FBs. The study included 1,546 patients, with 711 males and 835 females (mean age 4.56 ± 2.26 years). Symptoms were present in 91.5% of cases, while complic"
What does this biomedical abstract report about Peripheral?,web_fallback,0.2,0.95,retrieval -> retrieval_grader -> web_search -> graph_traversal -> context_expansion -> answer_generation -> hallucination_detection -> final_response,"The abstract reports findings related to peripheral catheters, specifically addressing the dwell time of short peripheral catheters (SPCs) and its impact on complications such as phlebitis and potential bacteremia. It highlights that most studies support keeping SPCs in situ until a clinical reason necessitates removal"
What does this biomedical abstract report about Temperature?,web_fallback,0.42,1.0,retrieval -> retrieval_grader -> web_search -> graph_traversal -> context_expansion -> answer_generation -> hallucination_detection -> final_response,"The abstract reports that the temperature of the peritoneal lavage solution does not significantly affect body temperature in anesthetized cats and small dogs (<10 kg) undergoing coeliotomy. Specifically, when the lavage fluid was warmed to 34±1°C (group 1), there was no significant change in oesophageal temperature du"
What does this biomedical abstract report about Bystander fatigue?,web_fallback,0.0,1.0,retrieval -> retrieval_grader -> web_search -> graph_traversal -> context_expansion -> answer_generation -> hallucination_detection -> final_response,The provided abstract [1] reports on a randomized crossover trial investigating **bystander fatigue** and the quality of cardiopulmonary resuscitation (CPR) performed by older laypersons using two different CPR methods: continuous chest compressions (CCC) versus the 30:2 compressions-to-ventilations ratio. The study ai
What does this biomedical abstract report about Systemic?,web_fallback,0.0,0.85,retrieval -> retrieval_grader -> web_search -> graph_traversal -> context_expansion -> answer_generation -> hallucination_detection -> answer_generation -> hallucination_detection -> answer_generation -> hallucination_detection -> answer_generation -> hallucination_detection -> answer_generation -> hallucination_detection -> answer_generation -> hallucination_detection -> final_response,"The abstract reports on the systemic response involving matrix metalloproteinase-8 (MMP-8) in patients with chronic tonsillitis. Specifically, it analyzes serum levels of S-MMP-8 using an immunofluorometric assay in 175 consecutive patients undergoing tonsillectomy for benign tonsillar disease and compares these levels"
What does this biomedical abstract report about compounds?,web_fallback,0.3,0.95,retrieval -> retrieval_grader -> web_search -> graph_traversal -> context_expansion -> answer_generation -> hallucination_detection -> final_response,"The abstract reports that several natural compounds isolated from poha berries demonstrated anti-cancer activity, particularly against colon cancer. Specifically, 4β-hydroxywithanolide E (4HWE) inhibited the growth of colon cancer monolayer and spheroid cultures by inducing cell cycle arrest at low concentrations and a"
What does this biomedical abstract report about expressing?,web_fallback,0.2,0.98,retrieval -> retrieval_grader -> web_search -> graph_traversal -> context_expansion -> answer_generation -> hallucination_detection -> final_response,The abstract from evidence snippet [3] reports that abnormal expression of amphiregulin (AREG) correlates with the prognosis of gastric cancer (GC). The study utilized tissue microarray and quantitative real-time polymerase chain reaction to assess AREG mRNA and protein expression in clinical GC tissue specimens across
What does this biomedical abstract report about risk?,web_fallback,0.2,0.95,retrieval -> retrieval_grader -> web_search -> graph_traversal -> context_expansion -> answer_generation -> hallucination_detection -> final_response,"The abstracts provided contain various biomedical studies reporting on risk factors and probabilities associated with different health conditions:

1. **Colorectal Cancer Risk Heterogeneity** ([3]): This study examines how associations between personal factors (e.g., height, BMI, smoking) and colorectal cancer risk var"
What does this biomedical abstract report about Prostate Cancer?,graph_traversal,0.7,1.0,retrieval -> retrieval_grader -> graph_traversal -> context_expansion -> answer_generation -> hallucination_detection -> final_response,"The abstract reports that KRT13 expression is associated with poor prognosis across multiple stages of prostate cancer progression and may serve as an important biomarker for adverse outcomes in patients with this disease. Specifically, KRT13+ tumor foci were observed in both untreated patients with concurrent bone met"
